Redeem Code | Status | Action |
RA-LKWIFEUP-SEL | Active |  |
RA-TU0X19PC-SEL | Active |  |
RA-QYMJVR7G-SEL | Active |  |
RA-XNTHNGNK-SEL | Active |  |
RA-IZLVLR3N-SEL | Active |  |
RA-M755811U-SEL | Active |  |
RA-EIHCNOMY-SEL | Active |  |
RA-AKFYYC0X-SEL | Active |  |
RA-GA8FWIBR-SEL | Active |  |
RAGACIVLBKCP-SEL | Active |  |
RA9VYTMHKN49-SEL | Active |  |
RAGS6YZKGGZ1-SEL | Active |  |
RARAEKMSUPEJ-SEL | Active |  |
RAPVGB376XQB-SEL | Active |  |
RAJXJAZNNBZC-SEL | Active |  |
RAMLOF5QSZ9Q-SEL | Active |  |
RAV7JGJC41FO-SEL | Active |  |
RAW2EADDL75S-SEL | Active |  |
RAEFFF1JFFJO-SEL | Active |  |
RAE4OMFGR7QI-SEL | Active |  |
RAQAW6H5OOZZ-SEL | Active |  |
RAEVD6GZYOPM-SEL | Active |  |
RAKF6V6PWA5O-SEL | Active |  |
RA2EFK9VCNIS-SEL | Active |  |
RAJ5PTFXN1MS-SEL | Active |  |
RAMKAVSLDVU6-SEL | Active |  |
RALSJY8TEXFO-SEL | Active |  |
RACZCHEHMUVX-SEL | Active |  |
RAFCTMNQ7TZP-SEL | Active |  |
RAJ5FSS8AYNG-SEL | Active |  |
RAZDXELVCJJZ-SEL | Active |  |
RARQGCABPEND-SEL | Active |  |
RAAGTB1DBE7B-SEL | Active |  |
RA0JZXLN5MZU-SEL | Active |  |
RABK33N3ZFTA-SEL | Active |  |
RAQ9BTOT0TED-SEL | Active |  |
RA1ZU7SKQOJY-SEL | Active |  |
RAILAALTO5NN-SEL | Active |  |
RARLKAOUP4RP-SEL | Active |  |
RAEKTOM5FZVL-SEL | Active |  |
RAAABERCWEAN-SEL | Active |  |
RANF0I4KWURT-SEL | Active |  |
RARXPSVNLCRE-SEL | Active |  |
RAYBJUBVCTTM-SEL | Active |  |
RABQCAYH3RUH-SEL | Active |  |
RAN7W596YEEY-SEL | Active |  |
RA8STYTQVQ2L-SEL | Active |  |
RAA9VPWMXUG9-SEL | Active |  |
RA2B66GY2GRD-SEL | Active |  |
RATWHKU1G4FB-SEL | Active |  |
RAQQYHG9LZU3-SEL | Active |  |
RA5JNC08JKWW-SEL | Active |  |
RAPXVB4IXSWX-SEL | Active |  |
RA0HMXMNNB51-SEL | Active |  |